Workbook

Sheet START_HERE
A1: MULTI-LOCATION INVENTORY ALLOCATION & PURCHASING INTELLIGENCE
A3: Purpose
A4: Build a testable inventory decision-support model using fictional data. This is a portfolio simulation, not a live inventory system.
A6: Build sequence
A7: 1 | B7: Review this sheet and inspect each source table.
A8: 2 | B8: Calculate available-to-promise (ATP) inventory after commitments and protected stock.
A9: 3 | B9: Add allocation rows that link each order line to a specific supply source.
A10: 4 | B10: Record confirmed reservations separately; do not rely on formulas alone to remember promises.
A11: 5 | B11: Reconcile PO and OnTheWater lines so the same units are not counted twice.
A12: 6 | B12: Compare supplier delivery scenarios and test edge cases.
A13: 7 | B13: Build a summary dashboard only after the calculations pass tests.
A16: Important modeling rules
A17: • | B17: Quote lines do not consume inventory; only confirmed orders are included in the demand queue.
A18: • | B18: Available stock = on hand − existing commitments − protected/minimum stock − active reservations not already reflected in commitments.
A19: • | B19: A PO line shipped to OTW must not be counted as unshipped open-PO supply for the same quantity.
A20: • | B20: A supply source can only be allocated up to its remaining unreserved quantity.
A21: • | B21: Arrival dates must be compared with each order's required date; quantity alone does not mean an order is fulfillable on time.
A22: • | B22: Allocation priority is a business rule. For this simulation, confirmed orders are sorted by required date, then order ID.

Sheet SalesOrders
A1: SO_Line_ID | B1: Order_ID | C1: Order_Type | D1: Order_Status | E1: Order_Date | F1: Required_Date | G1: Destination_Location | H1: Item_ID | I1: Order_Qty | J1: Priority | K1: Allocation_Eligibility | L1: Already_Reserved_Qty | M1: New_Allocation_Need | N1: Available_Supply_Qty | O1: Proposed_Fulfillment_Qty | P1: Unfulfilled_Qty
A2: SOL-1001 | B2: SO-1001 | C2: Sales Order | D2: Confirmed | E2: 46305 | F2: 46309 | G2: ST-EAST | H2: SKU-A | I2: 40 | J2: 1 | K2: =IF(AND(C2="Sales Order",D2="Confirmed"),"Eligible","Exclude") -> Eligible | L2: =SUMIFS(Reservations!$G:$G,Reservations!$B:$B,A2,Reservations!$H:$H,"Confirmed") -> 10 | M2: =IF(K2="Eligible",MAX(0,I2-L2),0) -> 30 | N2: =SUMIFS(tblInventory[Allocatable_Qty],tblInventory[Item_ID],H2) -> 60 | O2: =SUMIFS(Allocation_Proposals!$F:$F,Allocation_Proposals!$A:$A,A2) -> 30 | P2: =IF(K2="Eligible",MAX(0,M2-O2),0) -> 0
A3: SOL-1002 | B3: SO-1002 | C3: Sales Order | D3: Confirmed | E3: 46305 | F3: 46311 | G3: ST-NORTH | H3: SKU-A | I3: 25 | J3: 2 | K3: =IF(AND(C3="Sales Order",D3="Confirmed"),"Eligible","Exclude") -> Eligible | L3: =SUMIFS(Reservations!$G:$G,Reservations!$B:$B,A3,Reservations!$H:$H,"Confirmed") -> 0 | M3: =IF(K3="Eligible",MAX(0,I3-L3),0) -> 25 | N3: =SUMIFS(tblInventory[Allocatable_Qty],tblInventory[Item_ID],H3) -> 60 | O3: =SUMIFS(Allocation_Proposals!$F:$F,Allocation_Proposals!$A:$A,A3) -> 25 | P3: =IF(K3="Eligible",MAX(0,M3-O3),0) -> 0
A4: SOL-1003 | B4: QT-2001 | C4: Quote | D4: Open | E4: 46305 | F4: 46308 | G4: ST-WEST | H4: SKU-B | I4: 15 | J4: 3 | K4: =IF(AND(C4="Sales Order",D4="Confirmed"),"Eligible","Exclude") -> Exclude | L4: =SUMIFS(Reservations!$G:$G,Reservations!$B:$B,A4,Reservations!$H:$H,"Confirmed") -> 0 | M4: =IF(K4="Eligible",MAX(0,I4-L4),0) -> 0 | N4: =SUMIFS(tblInventory[Allocatable_Qty],tblInventory[Item_ID],H4) -> 40 | O4: =SUMIFS(Allocation_Proposals!$F:$F,Allocation_Proposals!$A:$A,A4) -> 0 | P4: =IF(K4="Eligible",MAX(0,M4-O4),0) -> 0
A5: SOL-1004 | B5: SO-1003 | C5: Sales Order | D5: Confirmed | E5: 46305 | F5: 46313 | G5: ST-WEST | H5: SKU-B | I5: 30 | J5: 2 | K5: =IF(AND(C5="Sales Order",D5="Confirmed"),"Eligible","Exclude") -> Eligible | L5: =SUMIFS(Reservations!$G:$G,Reservations!$B:$B,A5,Reservations!$H:$H,"Confirmed") -> 0 | M5: =IF(K5="Eligible",MAX(0,I5-L5),0) -> 30 | N5: =SUMIFS(tblInventory[Allocatable_Qty],tblInventory[Item_ID],H5) -> 40 | O5: =SUMIFS(Allocation_Proposals!$F:$F,Allocation_Proposals!$A:$A,A5) -> 30 | P5: =IF(K5="Eligible",MAX(0,M5-O5),0) -> 0
A6: SOL-1005 | B6: SO-1004 | C6: Sales Order | D6: Confirmed | E6: 46305 | F6: 46310 | G6: ST-EAST | H6: SKU-C | I6: 20 | J6: 1 | K6: =IF(AND(C6="Sales Order",D6="Confirmed"),"Eligible","Exclude") -> Eligible | L6: =SUMIFS(Reservations!$G:$G,Reservations!$B:$B,A6,Reservations!$H:$H,"Confirmed") -> 0 | M6: =IF(K6="Eligible",MAX(0,I6-L6),0) -> 20 | N6: =SUMIFS(tblInventory[Allocatable_Qty],tblInventory[Item_ID],H6) -> 18 | O6: =SUMIFS(Allocation_Proposals!$F:$F,Allocation_Proposals!$A:$A,A6) -> 18 | P6: =IF(K6="Eligible",MAX(0,M6-O6),0) -> 2
A7: SOL-1006 | B7: SO-1005 | C7: Sales Order | D7: Confirmed | E7: 46305 | F7: 46315 | G7: ST-SOUTH | H7: SKU-A | I7: 35 | J7: 3 | K7: =IF(AND(C7="Sales Order",D7="Confirmed"),"Eligible","Exclude") -> Eligible | L7: =SUMIFS(Reservations!$G:$G,Reservations!$B:$B,A7,Reservations!$H:$H,"Confirmed") -> 0 | M7: =IF(K7="Eligible",MAX(0,I7-L7),0) -> 35 | N7: =SUMIFS(tblInventory[Allocatable_Qty],tblInventory[Item_ID],H7) -> 60 | O7: =SUMIFS(Allocation_Proposals!$F:$F,Allocation_Proposals!$A:$A,A7) -> 5 | P7: =IF(K7="Eligible",MAX(0,M7-O7),0) -> 30

Sheet Inventory
A1: Inventory_ID | B1: Location_ID | C1: Item_ID | D1: On_Hand | E1: Committed_Qty | F1: Protected_Min_Qty | G1: Active_Reservation_Qty | H1: ATP_Qty | I1: Commitment_Review | J1: Allocatable_Qty | K1: SKU-B | L1: SKU-A | M1: SKU-C
A2: INV-001 | B2: ST-EAST | C2: SKU-A | D2: 55 | E2: 10 | F2: 5 | G2: =SUMIFS(Reservations!$G:$G,Reservations!$D:$D,tblInventory[[#This Row],[Inventory_ID]],Reservations!$C:$C,"Inventory",Reservations!$H:$H,"Confirmed") -> 10 | H2: =MAX(0,tblInventory[[#This Row],[On_Hand]]-tblInventory[[#This Row],[Committed_Qty]]-tblInventory[[#This Row],[Protected_Min_Qty]]-tblInventory[[#This Row],[Active_Reservation_Qty]]) -> 30 | I2: =IF(AND(tblInventory[[#This Row],[Committed_Qty]]>0,tblInventory[[#This Row],[Active_Reservation_Qty]]>0),"REVIEW","OK") -> REVIEW | J2: =IF(tblInventory[[#This Row],[Commitment_Review]]="REVIEW",0,tblInventory[[#This Row],[ATP_Qty]]) -> 0 | K2: =SUMIFS(tblInventory[Allocatable_Qty],tblInventory[Item_ID],"SKU-B") -> 40 | L2: =SUMIFS(tblInventory[Allocatable_Qty],tblInventory[Item_ID],"SKU-A") -> 60 | M2: =SUMIFS(tblInventory[Allocatable_Qty],tblInventory[Item_ID],"SKU-C") -> 18
A3: INV-002 | B3: ST-NORTH | C3: SKU-A | D3: 50 | E3: 5 | F3: 15 | G3: =SUMIFS(Reservations!$G:$G,Reservations!$D:$D,tblInventory[[#This Row],[Inventory_ID]],Reservations!$C:$C,"Inventory",Reservations!$H:$H,"Confirmed") -> 0 | H3: =MAX(0,tblInventory[[#This Row],[On_Hand]]-tblInventory[[#This Row],[Committed_Qty]]-tblInventory[[#This Row],[Protected_Min_Qty]]-tblInventory[[#This Row],[Active_Reservation_Qty]]) -> 30 | I3: =IF(AND(tblInventory[[#This Row],[Committed_Qty]]>0,tblInventory[[#This Row],[Active_Reservation_Qty]]>0),"REVIEW","OK") -> OK | J3: =IF(tblInventory[[#This Row],[Commitment_Review]]="REVIEW",0,tblInventory[[#This Row],[ATP_Qty]]) -> 30 | K3: =SUMIFS(tblInventory[Allocatable_Qty],tblInventory[Item_ID],"SKU-B") -> 40 | L3: =SUMIFS(tblInventory[Allocatable_Qty],tblInventory[Item_ID],"SKU-A") -> 60 | M3: =SUMIFS(tblInventory[Allocatable_Qty],tblInventory[Item_ID],"SKU-C") -> 18
A4: INV-003 | B4: DC-CENTRAL | C4: SKU-A | D4: 35 | E4: 5 | F4: 0 | G4: =SUMIFS(Reservations!$G:$G,Reservations!$D:$D,tblInventory[[#This Row],[Inventory_ID]],Reservations!$C:$C,"Inventory",Reservations!$H:$H,"Confirmed") -> 0 | H4: =MAX(0,tblInventory[[#This Row],[On_Hand]]-tblInventory[[#This Row],[Committed_Qty]]-tblInventory[[#This Row],[Protected_Min_Qty]]-tblInventory[[#This Row],[Active_Reservation_Qty]]) -> 30 | I4: =IF(AND(tblInventory[[#This Row],[Committed_Qty]]>0,tblInventory[[#This Row],[Active_Reservation_Qty]]>0),"REVIEW","OK") -> OK | J4: =IF(tblInventory[[#This Row],[Commitment_Review]]="REVIEW",0,tblInventory[[#This Row],[ATP_Qty]]) -> 30 | K4: =SUMIFS(tblInventory[Allocatable_Qty],tblInventory[Item_ID],"SKU-B") -> 40 | L4: =SUMIFS(tblInventory[Allocatable_Qty],tblInventory[Item_ID],"SKU-A") -> 60 | M4: =SUMIFS(tblInventory[Allocatable_Qty],tblInventory[Item_ID],"SKU-C") -> 18
A5: INV-004 | B5: ST-WEST | C5: SKU-B | D5: 25 | E5: 5 | F5: 5 | G5: =SUMIFS(Reservations!$G:$G,Reservations!$D:$D,tblInventory[[#This Row],[Inventory_ID]],Reservations!$C:$C,"Inventory",Reservations!$H:$H,"Confirmed") -> 0 | H5: =MAX(0,tblInventory[[#This Row],[On_Hand]]-tblInventory[[#This Row],[Committed_Qty]]-tblInventory[[#This Row],[Protected_Min_Qty]]-tblInventory[[#This Row],[Active_Reservation_Qty]]) -> 15 | I5: =IF(AND(tblInventory[[#This Row],[Committed_Qty]]>0,tblInventory[[#This Row],[Active_Reservation_Qty]]>0),"REVIEW","OK") -> OK | J5: =IF(tblInventory[[#This Row],[Commitment_Review]]="REVIEW",0,tblInventory[[#This Row],[ATP_Qty]]) -> 15 | K5: =SUMIFS(tblInventory[Allocatable_Qty],tblInventory[Item_ID],"SKU-B") -> 40 | L5: =SUMIFS(tblInventory[Allocatable_Qty],tblInventory[Item_ID],"SKU-A") -> 60 | M5: =SUMIFS(tblInventory[Allocatable_Qty],tblInventory[Item_ID],"SKU-C") -> 18
A6: INV-005 | B6: ST-SOUTH | C6: SKU-B | D6: 10 | E6: 0 | F6: 5 | G6: =SUMIFS(Reservations!$G:$G,Reservations!$D:$D,tblInventory[[#This Row],[Inventory_ID]],Reservations!$C:$C,"Inventory",Reservations!$H:$H,"Confirmed") -> 0 | H6: =MAX(0,tblInventory[[#This Row],[On_Hand]]-tblInventory[[#This Row],[Committed_Qty]]-tblInventory[[#This Row],[Protected_Min_Qty]]-tblInventory[[#This Row],[Active_Reservation_Qty]]) -> 5 | I6: =IF(AND(tblInventory[[#This Row],[Committed_Qty]]>0,tblInventory[[#This Row],[Active_Reservation_Qty]]>0),"REVIEW","OK") -> OK | J6: =IF(tblInventory[[#This Row],[Commitment_Review]]="REVIEW",0,tblInventory[[#This Row],[ATP_Qty]]) -> 5 | K6: =SUMIFS(tblInventory[Allocatable_Qty],tblInventory[Item_ID],"SKU-B") -> 40 | L6: =SUMIFS(tblInventory[Allocatable_Qty],tblInventory[Item_ID],"SKU-A") -> 60 | M6: =SUMIFS(tblInventory[Allocatable_Qty],tblInventory[Item_ID],"SKU-C") -> 18
A7: INV-006 | B7: DC-CENTRAL | C7: SKU-B | D7: 20 | E7: 0 | F7: 0 | G7: =SUMIFS(Reservations!$G:$G,Reservations!$D:$D,tblInventory[[#This Row],[Inventory_ID]],Reservations!$C:$C,"Inventory",Reservations!$H:$H,"Confirmed") -> 0 | H7: =MAX(0,tblInventory[[#This Row],[On_Hand]]-tblInventory[[#This Row],[Committed_Qty]]-tblInventory[[#This Row],[Protected_Min_Qty]]-tblInventory[[#This Row],[Active_Reservation_Qty]]) -> 20 | I7: =IF(AND(tblInventory[[#This Row],[Committed_Qty]]>0,tblInventory[[#This Row],[Active_Reservation_Qty]]>0),"REVIEW","OK") -> OK | J7: =IF(tblInventory[[#This Row],[Commitment_Review]]="REVIEW",0,tblInventory[[#This Row],[ATP_Qty]]) -> 20 | K7: =SUMIFS(tblInventory[Allocatable_Qty],tblInventory[Item_ID],"SKU-B") -> 40 | L7: =SUMIFS(tblInventory[Allocatable_Qty],tblInventory[Item_ID],"SKU-A") -> 60 | M7: =SUMIFS(tblInventory[Allocatable_Qty],tblInventory[Item_ID],"SKU-C") -> 18
A8: INV-007 | B8: ST-EAST | C8: SKU-C | D8: 8 | E8: 0 | F8: 2 | G8: =SUMIFS(Reservations!$G:$G,Reservations!$D:$D,tblInventory[[#This Row],[Inventory_ID]],Reservations!$C:$C,"Inventory",Reservations!$H:$H,"Confirmed") -> 0 | H8: =MAX(0,tblInventory[[#This Row],[On_Hand]]-tblInventory[[#This Row],[Committed_Qty]]-tblInventory[[#This Row],[Protected_Min_Qty]]-tblInventory[[#This Row],[Active_Reservation_Qty]]) -> 6 | I8: =IF(AND(tblInventory[[#This Row],[Committed_Qty]]>0,tblInventory[[#This Row],[Active_Reservation_Qty]]>0),"REVIEW","OK") -> OK | J8: =IF(tblInventory[[#This Row],[Commitment_Review]]="REVIEW",0,tblInventory[[#This Row],[ATP_Qty]]) -> 6 | K8: =SUMIFS(tblInventory[Allocatable_Qty],tblInventory[Item_ID],"SKU-B") -> 40 | L8: =SUMIFS(tblInventory[Allocatable_Qty],tblInventory[Item_ID],"SKU-A") -> 60 | M8: =SUMIFS(tblInventory[Allocatable_Qty],tblInventory[Item_ID],"SKU-C") -> 18
A9: INV-008 | B9: DC-CENTRAL | C9: SKU-C | D9: 12 | E9: 0 | F9: 0 | G9: =SUMIFS(Reservations!$G:$G,Reservations!$D:$D,tblInventory[[#This Row],[Inventory_ID]],Reservations!$C:$C,"Inventory",Reservations!$H:$H,"Confirmed") -> 0 | H9: =MAX(0,tblInventory[[#This Row],[On_Hand]]-tblInventory[[#This Row],[Committed_Qty]]-tblInventory[[#This Row],[Protected_Min_Qty]]-tblInventory[[#This Row],[Active_Reservation_Qty]]) -> 12 | I9: =IF(AND(tblInventory[[#This Row],[Committed_Qty]]>0,tblInventory[[#This Row],[Active_Reservation_Qty]]>0),"REVIEW","OK") -> OK | J9: =IF(tblInventory[[#This Row],[Commitment_Review]]="REVIEW",0,tblInventory[[#This Row],[ATP_Qty]]) -> 12 | K9: =SUMIFS(tblInventory[Allocatable_Qty],tblInventory[Item_ID],"SKU-B") -> 40 | L9: =SUMIFS(tblInventory[Allocatable_Qty],tblInventory[Item_ID],"SKU-A") -> 60 | M9: =SUMIFS(tblInventory[Allocatable_Qty],tblInventory[Item_ID],"SKU-C") -> 18

Sheet Locations
A1: Location_ID | B1: Location_Name | C1: Region | D1: Location_Type | E1: Latitude | F1: Longitude | G1: Transfer_Cost_Per_Mile | H1: Default_Transit_Days
A2: ST-EAST | B2: East Branch | C2: East | D2: Store | E2: 40.7128 | F2: -74.006 | G2: 0.08 | H2: 1
A3: ST-NORTH | B3: North Branch | C3: North | D3: Store | E3: 41.8781 | F3: -87.6298 | G3: 0.08 | H3: 2
A4: ST-WEST | B4: West Branch | C4: West | D4: Store | E4: 34.0522 | F4: -118.2437 | G4: 0.08 | H4: 3
A5: ST-SOUTH | B5: South Branch | C5: South | D5: Store | E5: 29.7604 | F5: -95.3698 | G5: 0.08 | H5: 2
A6: DC-CENTRAL | B6: Central Distribution Center | C6: Central | D6: DC | E6: 39.7392 | F6: -104.9903 | G6: 0.06 | H6: 2

Sheet Suppliers
A1: Supplier_ID | B1: Supplier_Name | C1: Origin_Region | D1: Production_Lead_Days | E1: Freight_Mode | F1: Transit_Days_To_DC | G1: Customs_Buffer_Days | H1: Domestic_Days | I1: Estimated_Freight_Cost | J1: Assumption_Notes | K1: Total_Lead_Days
A2: SUP-EU | B2: Northstar Components | C2: Europe | D2: 5 | E2: Air | F2: 6 | G2: 2 | H2: 2 | I2: 1800 | J2: Fictional scenario; editable assumptions | K2: =SUM(D2,F2:H2) -> 15
A3: SUP-AS | B3: Pacific Parts Co | C3: Asia | D3: 7 | E3: Ocean | F3: 24 | G3: 4 | H3: 2 | I3: 950 | J3: Fictional scenario; editable assumptions | K3: =SUM(D3,F3:H3) -> 37
A4: SUP-US | B4: Domestic Supply Group | C4: United States | D4: 3 | E4: Truck | F4: 3 | G4: 1 | H4: 1 | I4: 600 | J4: Fictional scenario; editable assumptions | K4: =SUM(D4,F4:H4) -> 8

Sheet Purchasing_Recommendations
A1: SO_Line_ID | B1: Item_ID | C1: Shortage_Qty | D1: Required_Date | E1: Supplier_ID | F1: Total_Lead_Days | G1: Proposed_PO_Date | H1: Expected_Arrival_Date | I1: Deadline_Status | J1: Purchasing_Recommendation | K1: Action_Required
A2: SOL-1002 | B2: SKU-A | C2: =_xlfn.XLOOKUP(A2,SalesOrders!$A$2:$A$100,SalesOrders!$P$2:$P$100,0) -> 0 | D2: =_xlfn.XLOOKUP(A2,SalesOrders!$A$2:$A$100,SalesOrders!$F$2:$F$100,"Not Found") -> 46311 | E2: SUP-EU | F2: =_xlfn.XLOOKUP(E2,Suppliers!$A$2:$A$4,Suppliers!$K$2:$K$4,"Not Found") -> 15 | G2: 46305 | H2: =G2+F2 -> 46320 | I2: =IF(OR(NOT(ISNUMBER(H2)),NOT(ISNUMBER(D2))),"CHECK DATES",IF(H2<=D2,"ON TIME","LATE")) -> LATE | J2: =IF(C2=0,"NO PURCHASE NEEDED",IF(I2="ON TIME","CHECK PRODUCT AVAILABILITY",IF(F2=MIN(Suppliers!$K$2:$K$4),"FASTEST - EXPEDITE OR NEGOTIATE","NOT ON TIME"))) -> NO PURCHASE NEEDED | K2: =IF(C2=0,"NO ACTION REQUIRED",IF(I2="ON TIME","VERIFY SUPPLIER AND PRODUCT","INVESTIGATE EXPEDITED OPTIONS")) -> NO ACTION REQUIRED
A3: SOL-1002 | B3: SKU-A | C3: =_xlfn.XLOOKUP(A3,SalesOrders!$A$2:$A$100,SalesOrders!$P$2:$P$100,0) -> 0 | D3: =_xlfn.XLOOKUP(A3,SalesOrders!$A$2:$A$100,SalesOrders!$F$2:$F$100,"Not Found") -> 46311 | E3: SUP-AS | F3: =_xlfn.XLOOKUP(E3,Suppliers!$A$2:$A$4,Suppliers!$K$2:$K$4,"Not Found") -> 37 | G3: 46305 | H3: =G3+F3 -> 46342 | I3: =IF(OR(NOT(ISNUMBER(H3)),NOT(ISNUMBER(D3))),"CHECK DATES",IF(H3<=D3,"ON TIME","LATE")) -> LATE | J3: =IF(C3=0,"NO PURCHASE NEEDED",IF(I3="ON TIME","CHECK PRODUCT AVAILABILITY",IF(F3=MIN(Suppliers!$K$2:$K$4),"FASTEST - EXPEDITE OR NEGOTIATE","NOT ON TIME"))) -> NO PURCHASE NEEDED | K3: =IF(C3=0,"NO ACTION REQUIRED",IF(I3="ON TIME","VERIFY SUPPLIER AND PRODUCT","INVESTIGATE EXPEDITED OPTIONS")) -> NO ACTION REQUIRED
A4: SOL-1002 | B4: SKU-A | C4: =_xlfn.XLOOKUP(A4,SalesOrders!$A$2:$A$100,SalesOrders!$P$2:$P$100,0) -> 0 | D4: =_xlfn.XLOOKUP(A4,SalesOrders!$A$2:$A$100,SalesOrders!$F$2:$F$100,"Not Found") -> 46311 | E4: SUP-US | F4: =_xlfn.XLOOKUP(E4,Suppliers!$A$2:$A$4,Suppliers!$K$2:$K$4,"Not Found") -> 8 | G4: 46305 | H4: =G4+F4 -> 46313 | I4: =IF(OR(NOT(ISNUMBER(H4)),NOT(ISNUMBER(D4))),"CHECK DATES",IF(H4<=D4,"ON TIME","LATE")) -> LATE | J4: =IF(C4=0,"NO PURCHASE NEEDED",IF(I4="ON TIME","CHECK PRODUCT AVAILABILITY",IF(F4=MIN(Suppliers!$K$2:$K$4),"FASTEST - EXPEDITE OR NEGOTIATE","NOT ON TIME"))) -> NO PURCHASE NEEDED | K4: =IF(C4=0,"NO ACTION REQUIRED",IF(I4="ON TIME","VERIFY SUPPLIER AND PRODUCT","INVESTIGATE EXPEDITED OPTIONS")) -> NO ACTION REQUIRED
A5: SOL-1005 | B5: SKU-C | C5: =_xlfn.XLOOKUP(A5,SalesOrders!$A$2:$A$100,SalesOrders!$P$2:$P$100,0) -> 2 | D5: =_xlfn.XLOOKUP(A5,SalesOrders!$A$2:$A$100,SalesOrders!$F$2:$F$100,"Not Found") -> 46310 | E5: SUP-EU | F5: =_xlfn.XLOOKUP(E5,Suppliers!$A$2:$A$4,Suppliers!$K$2:$K$4,"Not Found") -> 15 | G5: 46305 | H5: =G5+F5 -> 46320 | I5: =IF(OR(NOT(ISNUMBER(H5)),NOT(ISNUMBER(D5))),"CHECK DATES",IF(H5<=D5,"ON TIME","LATE")) -> LATE | J5: =IF(C5=0,"NO PURCHASE NEEDED",IF(I5="ON TIME","CHECK PRODUCT AVAILABILITY",IF(F5=MIN(Suppliers!$K$2:$K$4),"FASTEST - EXPEDITE OR NEGOTIATE","NOT ON TIME"))) -> NOT ON TIME | K5: =IF(C5=0,"NO ACTION REQUIRED",IF(I5="ON TIME","VERIFY SUPPLIER AND PRODUCT","INVESTIGATE EXPEDITED OPTIONS")) -> INVESTIGATE EXPEDITED OPTIONS
A6: SOL-1005 | B6: SKU-C | C6: =_xlfn.XLOOKUP(A6,SalesOrders!$A$2:$A$100,SalesOrders!$P$2:$P$100,0) -> 2 | D6: =_xlfn.XLOOKUP(A6,SalesOrders!$A$2:$A$100,SalesOrders!$F$2:$F$100,"Not Found") -> 46310 | E6: SUP-AS | F6: =_xlfn.XLOOKUP(E6,Suppliers!$A$2:$A$4,Suppliers!$K$2:$K$4,"Not Found") -> 37 | G6: 46305 | H6: =G6+F6 -> 46342 | I6: =IF(OR(NOT(ISNUMBER(H6)),NOT(ISNUMBER(D6))),"CHECK DATES",IF(H6<=D6,"ON TIME","LATE")) -> LATE | J6: =IF(C6=0,"NO PURCHASE NEEDED",IF(I6="ON TIME","CHECK PRODUCT AVAILABILITY",IF(F6=MIN(Suppliers!$K$2:$K$4),"FASTEST - EXPEDITE OR NEGOTIATE","NOT ON TIME"))) -> NOT ON TIME | K6: =IF(C6=0,"NO ACTION REQUIRED",IF(I6="ON TIME","VERIFY SUPPLIER AND PRODUCT","INVESTIGATE EXPEDITED OPTIONS")) -> INVESTIGATE EXPEDITED OPTIONS
A7: SOL-1005 | B7: SKU-C | C7: =_xlfn.XLOOKUP(A7,SalesOrders!$A$2:$A$100,SalesOrders!$P$2:$P$100,0) -> 2 | D7: =_xlfn.XLOOKUP(A7,SalesOrders!$A$2:$A$100,SalesOrders!$F$2:$F$100,"Not Found") -> 46310 | E7: SUP-US | F7: =_xlfn.XLOOKUP(E7,Suppliers!$A$2:$A$4,Suppliers!$K$2:$K$4,"Not Found") -> 8 | G7: 46305 | H7: =G7+F7 -> 46313 | I7: =IF(OR(NOT(ISNUMBER(H7)),NOT(ISNUMBER(D7))),"CHECK DATES",IF(H7<=D7,"ON TIME","LATE")) -> LATE | J7: =IF(C7=0,"NO PURCHASE NEEDED",IF(I7="ON TIME","CHECK PRODUCT AVAILABILITY",IF(F7=MIN(Suppliers!$K$2:$K$4),"FASTEST - EXPEDITE OR NEGOTIATE","NOT ON TIME"))) -> FASTEST - EXPEDITE OR NEGOTIATE | K7: =IF(C7=0,"NO ACTION REQUIRED",IF(I7="ON TIME","VERIFY SUPPLIER AND PRODUCT","INVESTIGATE EXPEDITED OPTIONS")) -> INVESTIGATE EXPEDITED OPTIONS
A8: SOL-1006 | B8: SKU-A | C8: =_xlfn.XLOOKUP(A8,SalesOrders!$A$2:$A$100,SalesOrders!$P$2:$P$100,0) -> 30 | D8: =_xlfn.XLOOKUP(A8,SalesOrders!$A$2:$A$100,SalesOrders!$F$2:$F$100,"Not Found") -> 46315 | E8: SUP-EU | F8: =_xlfn.XLOOKUP(E8,Suppliers!$A$2:$A$4,Suppliers!$K$2:$K$4,"Not Found") -> 15 | G8: 46305 | H8: =G8+F8 -> 46320 | I8: =IF(OR(NOT(ISNUMBER(H8)),NOT(ISNUMBER(D8))),"CHECK DATES",IF(H8<=D8,"ON TIME","LATE")) -> LATE | J8: =IF(C8=0,"NO PURCHASE NEEDED",IF(I8="ON TIME","CHECK PRODUCT AVAILABILITY",IF(F8=MIN(Suppliers!$K$2:$K$4),"FASTEST - EXPEDITE OR NEGOTIATE","NOT ON TIME"))) -> NOT ON TIME | K8: =IF(C8=0,"NO ACTION REQUIRED",IF(I8="ON TIME","VERIFY SUPPLIER AND PRODUCT","INVESTIGATE EXPEDITED OPTIONS")) -> INVESTIGATE EXPEDITED OPTIONS
A9: SOL-1006 | B9: SKU-A | C9: =_xlfn.XLOOKUP(A9,SalesOrders!$A$2:$A$100,SalesOrders!$P$2:$P$100,0) -> 30 | D9: =_xlfn.XLOOKUP(A9,SalesOrders!$A$2:$A$100,SalesOrders!$F$2:$F$100,"Not Found") -> 46315 | E9: SUP-AS | F9: =_xlfn.XLOOKUP(E9,Suppliers!$A$2:$A$4,Suppliers!$K$2:$K$4,"Not Found") -> 37 | G9: 46305 | H9: =G9+F9 -> 46342 | I9: =IF(OR(NOT(ISNUMBER(H9)),NOT(ISNUMBER(D9))),"CHECK DATES",IF(H9<=D9,"ON TIME","LATE")) -> LATE | J9: =IF(C9=0,"NO PURCHASE NEEDED",IF(I9="ON TIME","CHECK PRODUCT AVAILABILITY",IF(F9=MIN(Suppliers!$K$2:$K$4),"FASTEST - EXPEDITE OR NEGOTIATE","NOT ON TIME"))) -> NOT ON TIME | K9: =IF(C9=0,"NO ACTION REQUIRED",IF(I9="ON TIME","VERIFY SUPPLIER AND PRODUCT","INVESTIGATE EXPEDITED OPTIONS")) -> INVESTIGATE EXPEDITED OPTIONS
A10: SOL-1006 | B10: SKU-A | C10: =_xlfn.XLOOKUP(A10,SalesOrders!$A$2:$A$100,SalesOrders!$P$2:$P$100,0) -> 30 | D10: =_xlfn.XLOOKUP(A10,SalesOrders!$A$2:$A$100,SalesOrders!$F$2:$F$100,"Not Found") -> 46315 | E10: SUP-US | F10: =_xlfn.XLOOKUP(E10,Suppliers!$A$2:$A$4,Suppliers!$K$2:$K$4,"Not Found") -> 8 | G10: 46305 | H10: =G10+F10 -> 46313 | I10: =IF(OR(NOT(ISNUMBER(H10)),NOT(ISNUMBER(D10))),"CHECK DATES",IF(H10<=D10,"ON TIME","LATE")) -> ON TIME | J10: =IF(C10=0,"NO PURCHASE NEEDED",IF(I10="ON TIME","CHECK PRODUCT AVAILABILITY",IF(F10=MIN(Suppliers!$K$2:$K$4),"FASTEST - EXPEDITE OR NEGOTIATE","NOT ON TIME"))) -> CHECK PRODUCT AVAILABILITY | K10: =IF(C10=0,"NO ACTION REQUIRED",IF(I10="ON TIME","VERIFY SUPPLIER AND PRODUCT","INVESTIGATE EXPEDITED OPTIONS")) -> VERIFY SUPPLIER AND PRODUCT

Sheet PurchaseOrders
A1: PO_Line_ID | B1: PO_ID | C1: Supplier_ID | D1: Item_ID | E1: Ordered_Qty | F1: Received_Qty | G1: Shipped_To_OTW_Qty | H1: Open_Unshipped_Qty | I1: Expected_Arrival_Date | J1: Destination_Location | K1: Status
A2: POL-001 | B2: PO-501 | C2: SUP-EU | D2: SKU-A | E2: 50 | F2: 0 | G2: 20 | H2: =MAX(0,E2-F2-G2) -> 30 | I2: 46318 | J2: DC-CENTRAL | K2: Partially Shipped
A3: POL-002 | B3: PO-502 | C3: SUP-AS | D3: SKU-B | E3: 40 | F3: 0 | G3: 0 | H3: =MAX(0,E3-F3-G3) -> 40 | I3: 46342 | J3: DC-CENTRAL | K3: Open
A4: POL-003 | B4: PO-503 | C4: SUP-US | D4: SKU-C | E4: 25 | F4: 0 | G4: 0 | H4: =MAX(0,E4-F4-G4) -> 25 | I4: 46313 | J4: DC-CENTRAL | K4: Open

Sheet OnTheWater
A1: Shipment_Line_ID | B1: Container_ID | C1: PO_Line_ID | D1: Supplier_ID | E1: Item_ID | F1: Shipped_Qty | G1: Expected_Arrival_Date | H1: Destination_Location | I1: Received_Qty | J1: OTW_Open_Qty
A2: OTW-001 | B2: CONT-EU-01 | C2: POL-001 | D2: SUP-EU | E2: SKU-A | F2: 20 | G2: 46318 | H2: DC-CENTRAL | I2: 0 | J2: =MAX(0,F2-I2) -> 20

Sheet Incoming_Supply_Analysis
A1: SO_Line_ID | B1: Item_ID | C1: Unfulfilled_Qty | D1: Required_Date | E1: OTW_Available_By_Deadline
A2: SOL-1002 | B2: SKU-A | C2: =_xlfn.XLOOKUP(A2,SalesOrders!$A$2:$A$100,SalesOrders!$P$2:$P$100,0) -> 0 | D2: =_xlfn.XLOOKUP(A2,SalesOrders!$A$2:$A$100,SalesOrders!$F$2:$F$100,"Not Found") -> 46311 | E2: =SUMIFS(OnTheWater!$J:$J,OnTheWater!$E:$E,B2,OnTheWater!$G:$G,"<="&D2) -> 0

Sheet Assumptions
A1: Assumption_ID | B1: Rule_Name | C1: Value | D1: Unit | E1: Explanation
A2: ASM-001 | B2: Order allocation priority | C2: Required date then priority | D2: Text | E2: Only confirmed sales orders consume inventory in the first version.
A3: ASM-002 | B3: Default transfer buffer | C3: 1 | D3: Days | E3: Add to estimated transit days if handling time is needed.
A4: ASM-003 | B4: Allow split shipments | C4: Yes | D4: Boolean | E4: A sales-order line may be fulfilled from more than one source.
A5: ASM-004 | B5: Quote reservation behavior | C5: No automatic allocation | D5: Text | E5: Quotes are excluded from committed demand unless explicitly converted.
A6: ASM-005 | B6: PO/OTW deduplication | C6: Exclude shipped quantity from open PO | D6: Text | E6: Shipped quantities are represented by OTW rows, not unshipped PO supply.

Sheet Reservations
A1: Reservation_ID | B1: SO_Line_ID | C1: Supply_Source_Type | D1: Supply_Source_ID | E1: Item_ID | F1: Location_or_Destination | G1: Qty_Reserved | H1: Reservation_Status | I1: Created_Date | J1: Notes
A2: RES-001 | B2: SOL-1001 | C2: Inventory | D2: INV-001 | E2: SKU-A | F2: ST-EAST | G2: 10 | H2: Confirmed | I2: 46305 | J2: Example reservation for testing; adjust active reservation qty in Inventory consistently.
A3: RES-002 | B3: PRACTICE-001 | C3: Inventory | D3: INV-001 | E3: SKU-A | F3: ST-EAST | G3: 10 | H3: Released | I3: 46306 | J3: Practice reservation — not yet applied to inventory

Sheet Allocations
A1: Allocation_ID | B1: SO_Line_ID | C1: Item_ID | D1: Supply_Source_Type | E1: Supply_Source_ID | F1: Source_Location | G1: Allocated_Qty | H1: Expected_Arrival_Date | I1: Required_Date | J1: On_Time_Flag | K1: Notes | L1: Allocation_Review | M1: Validation_Notes
A2: AL-001 | B2: SOL-1001 | C2: SKU-A | D2: Inventory | E2: INV-001 | F2: ST-EAST | G2: 15 | H2: 46306 | I2: 46309 | J2: =IF(H2<=I2,"Yes","No") -> Yes | K2: Example only; allocation quantities are not yet automated. | L2: =IF(D2<>"Inventory","CHECK SOURCE",IF(_xlfn.XLOOKUP(E2,tblInventory[Inventory_ID],tblInventory[Commitment_Review],"NOT FOUND")="REVIEW","REVIEW","OK")) -> REVIEW | M2: Allocation of 15 units and reservation of 10 units for SOL-1001 require reconciliation before approval.

Sheet Allocation_Proposals
A1: SO_Line_ID | B1: Item_ID | C1: Proposed_Source_ID | D1: Available_Qty | E1: Outstanding_Need | F1: Proposed_Qty | G1: Proposal_Status | H1: Required_Date | I1: Expected_Arrival_Date | J1: Delivery_Status | K1: Transit_Days | L1: Previously_Proposed_Qty | M1: Product_Match
A2: SOL-1001 | B2: SKU-A | C2: INV-002 | D2: =_xlfn.XLOOKUP(C2,tblInventory[Inventory_ID],tblInventory[Allocatable_Qty],0) -> 30 | E2: =_xlfn.XLOOKUP(A2,SalesOrders!$A$2:$A$100,SalesOrders!$M$2:$M$100,0) -> 30 | F2: =IF(OR(J2<>"ON TIME",M2<>"MATCH"),0,MIN(MAX(0,D2-L2),MAX(0,E2-SUMIFS($F$1:F1,$A$1:A1,A2)))) -> 30 | G2: =IF(F2=0,"NO STOCK",IF(J2="ON TIME","CANDIDATE - ON TIME","REVIEW DELIVERY")) -> CANDIDATE - ON TIME | H2: =_xlfn.XLOOKUP(A2,SalesOrders!$A$2:$A$100,SalesOrders!$F$2:$F$100,"Not Found") -> 46309 | I2: =_xlfn.XLOOKUP(A2,SalesOrders!$A$2:$A$100,SalesOrders!$E$2:$E$100)+K2 -> 46307 | J2: =IF(OR(H2="",I2=""),"CHECK DELIVERY TIME",IF(I2<=H2,"ON TIME","LATE")) -> ON TIME | K2: =_xlfn.XLOOKUP(_xlfn.XLOOKUP(C2,tblInventory[Inventory_ID],tblInventory[Location_ID]),Locations!$A$2:$A$6,Locations!$H$2:$H$6,"Not Found") -> 2 | L2: =SUMIFS($F$1:F1,$C$1:C1,C2) -> 0 | M2: =IF(_xlfn.XLOOKUP(C2,tblInventory[Inventory_ID],tblInventory[Item_ID],"NOT FOUND")=B2,"MATCH","MISMATCH") -> MATCH
A3: SOL-1002 | B3: SKU-A | C3: INV-002 | D3: =_xlfn.XLOOKUP(C3,tblInventory[Inventory_ID],tblInventory[Allocatable_Qty],0) -> 30 | E3: =_xlfn.XLOOKUP(A3,SalesOrders!$A$2:$A$100,SalesOrders!$M$2:$M$100,0) -> 25 | F3: =IF(OR(J3<>"ON TIME",M3<>"MATCH"),0,MIN(MAX(0,D3-L3),MAX(0,E3-SUMIFS($F$1:F2,$A$1:A2,A3)))) -> 0 | G3: =IF(F3=0,"NO STOCK",IF(J3="ON TIME","CANDIDATE - ON TIME","REVIEW DELIVERY")) -> NO STOCK | H3: =_xlfn.XLOOKUP(A3,SalesOrders!$A$2:$A$100,SalesOrders!$F$2:$F$100,"Not Found") -> 46311 | I3: =_xlfn.XLOOKUP(A3,SalesOrders!$A$2:$A$100,SalesOrders!$E$2:$E$100)+K3 -> 46307 | J3: =IF(OR(H3="",I3=""),"CHECK DELIVERY TIME",IF(I3<=H3,"ON TIME","LATE")) -> ON TIME | K3: =_xlfn.XLOOKUP(_xlfn.XLOOKUP(C3,tblInventory[Inventory_ID],tblInventory[Location_ID]),Locations!$A$2:$A$6,Locations!$H$2:$H$6,"Not Found") -> 2 | L3: =SUMIFS($F$1:F2,$C$1:C2,C3) -> 30 | M3: =IF(_xlfn.XLOOKUP(C3,tblInventory[Inventory_ID],tblInventory[Item_ID],"NOT FOUND")=B3,"MATCH","MISMATCH") -> MATCH
A4: SOL-1002 | B4: SKU-A | C4: INV-003 | D4: =_xlfn.XLOOKUP(C4,tblInventory[Inventory_ID],tblInventory[Allocatable_Qty],0) -> 30 | E4: =_xlfn.XLOOKUP(A4,SalesOrders!$A$2:$A$100,SalesOrders!$M$2:$M$100,0) -> 25 | F4: =IF(OR(J4<>"ON TIME",M4<>"MATCH"),0,MIN(MAX(0,D4-L4),MAX(0,E4-SUMIFS($F$1:F3,$A$1:A3,A4)))) -> 25 | G4: =IF(F4=0,"NO STOCK",IF(J4="ON TIME","CANDIDATE - ON TIME","REVIEW DELIVERY")) -> CANDIDATE - ON TIME | H4: =_xlfn.XLOOKUP(A4,SalesOrders!$A$2:$A$100,SalesOrders!$F$2:$F$100,"Not Found") -> 46311 | I4: =_xlfn.XLOOKUP(A4,SalesOrders!$A$2:$A$100,SalesOrders!$E$2:$E$100)+K4 -> 46307 | J4: =IF(OR(H4="",I4=""),"CHECK DELIVERY TIME",IF(I4<=H4,"ON TIME","LATE")) -> ON TIME | K4: =_xlfn.XLOOKUP(_xlfn.XLOOKUP(C4,tblInventory[Inventory_ID],tblInventory[Location_ID]),Locations!$A$2:$A$6,Locations!$H$2:$H$6,"Not Found") -> 2 | L4: =SUMIFS($F$1:F3,$C$1:C3,C4) -> 0 | M4: =IF(_xlfn.XLOOKUP(C4,tblInventory[Inventory_ID],tblInventory[Item_ID],"NOT FOUND")=B4,"MATCH","MISMATCH") -> MATCH
A5: SOL-1004 | B5: SKU-B | C5: INV-004 | D5: =_xlfn.XLOOKUP(C5,tblInventory[Inventory_ID],tblInventory[Allocatable_Qty],0) -> 15 | E5: =_xlfn.XLOOKUP(A5,SalesOrders!$A$2:$A$100,SalesOrders!$M$2:$M$100,0) -> 30 | F5: =IF(OR(J5<>"ON TIME",M5<>"MATCH"),0,MIN(MAX(0,D5-L5),MAX(0,E5-SUMIFS($F$1:F4,$A$1:A4,A5)))) -> 15 | G5: =IF(F5=0,"NO STOCK",IF(J5="ON TIME","CANDIDATE - ON TIME","REVIEW DELIVERY")) -> CANDIDATE - ON TIME | H5: =_xlfn.XLOOKUP(A5,SalesOrders!$A$2:$A$100,SalesOrders!$F$2:$F$100,"Not Found") -> 46313 | I5: =_xlfn.XLOOKUP(A5,SalesOrders!$A$2:$A$100,SalesOrders!$E$2:$E$100)+K5 -> 46308 | J5: =IF(OR(H5="",I5=""),"CHECK DELIVERY TIME",IF(I5<=H5,"ON TIME","LATE")) -> ON TIME | K5: =_xlfn.XLOOKUP(_xlfn.XLOOKUP(C5,tblInventory[Inventory_ID],tblInventory[Location_ID]),Locations!$A$2:$A$6,Locations!$H$2:$H$6,"Not Found") -> 3 | L5: =SUMIFS($F$1:F4,$C$1:C4,C5) -> 0 | M5: =IF(_xlfn.XLOOKUP(C5,tblInventory[Inventory_ID],tblInventory[Item_ID],"NOT FOUND")=B5,"MATCH","MISMATCH") -> MATCH
A6: SOL-1004 | B6: SKU-B | C6: INV-005 | D6: =_xlfn.XLOOKUP(C6,tblInventory[Inventory_ID],tblInventory[Allocatable_Qty],0) -> 5 | E6: =_xlfn.XLOOKUP(A6,SalesOrders!$A$2:$A$100,SalesOrders!$M$2:$M$100,0) -> 30 | F6: =IF(OR(J6<>"ON TIME",M6<>"MATCH"),0,MIN(MAX(0,D6-L6),MAX(0,E6-SUMIFS($F$1:F5,$A$1:A5,A6)))) -> 5 | G6: =IF(F6=0,"NO STOCK",IF(J6="ON TIME","CANDIDATE - ON TIME","REVIEW DELIVERY")) -> CANDIDATE - ON TIME | H6: =_xlfn.XLOOKUP(A6,SalesOrders!$A$2:$A$100,SalesOrders!$F$2:$F$100,"Not Found") -> 46313 | I6: =_xlfn.XLOOKUP(A6,SalesOrders!$A$2:$A$100,SalesOrders!$E$2:$E$100)+K6 -> 46307 | J6: =IF(OR(H6="",I6=""),"CHECK DELIVERY TIME",IF(I6<=H6,"ON TIME","LATE")) -> ON TIME | K6: =_xlfn.XLOOKUP(_xlfn.XLOOKUP(C6,tblInventory[Inventory_ID],tblInventory[Location_ID]),Locations!$A$2:$A$6,Locations!$H$2:$H$6,"Not Found") -> 2 | L6: =SUMIFS($F$1:F5,$C$1:C5,C6) -> 0 | M6: =IF(_xlfn.XLOOKUP(C6,tblInventory[Inventory_ID],tblInventory[Item_ID],"NOT FOUND")=B6,"MATCH","MISMATCH") -> MATCH
A7: SOL-1004 | B7: SKU-B | C7: INV-006 | D7: =_xlfn.XLOOKUP(C7,tblInventory[Inventory_ID],tblInventory[Allocatable_Qty],0) -> 20 | E7: =_xlfn.XLOOKUP(A7,SalesOrders!$A$2:$A$100,SalesOrders!$M$2:$M$100,0) -> 30 | F7: =IF(OR(J7<>"ON TIME",M7<>"MATCH"),0,MIN(MAX(0,D7-L7),MAX(0,E7-SUMIFS($F$1:F6,$A$1:A6,A7)))) -> 10 | G7: =IF(F7=0,"NO STOCK",IF(J7="ON TIME","CANDIDATE - ON TIME","REVIEW DELIVERY")) -> CANDIDATE - ON TIME | H7: =_xlfn.XLOOKUP(A7,SalesOrders!$A$2:$A$100,SalesOrders!$F$2:$F$100,"Not Found") -> 46313 | I7: =_xlfn.XLOOKUP(A7,SalesOrders!$A$2:$A$100,SalesOrders!$E$2:$E$100)+K7 -> 46307 | J7: =IF(OR(H7="",I7=""),"CHECK DELIVERY TIME",IF(I7<=H7,"ON TIME","LATE")) -> ON TIME | K7: =_xlfn.XLOOKUP(_xlfn.XLOOKUP(C7,tblInventory[Inventory_ID],tblInventory[Location_ID]),Locations!$A$2:$A$6,Locations!$H$2:$H$6,"Not Found") -> 2 | L7: =SUMIFS($F$1:F6,$C$1:C6,C7) -> 0 | M7: =IF(_xlfn.XLOOKUP(C7,tblInventory[Inventory_ID],tblInventory[Item_ID],"NOT FOUND")=B7,"MATCH","MISMATCH") -> MATCH
A8: SOL-1005 | B8: SKU-C | C8: INV-007 | D8: =_xlfn.XLOOKUP(C8,tblInventory[Inventory_ID],tblInventory[Allocatable_Qty],0) -> 6 | E8: =_xlfn.XLOOKUP(A8,SalesOrders!$A$2:$A$100,SalesOrders!$M$2:$M$100,0) -> 20 | F8: =IF(OR(J8<>"ON TIME",M8<>"MATCH"),0,MIN(MAX(0,D8-L8),MAX(0,E8-SUMIFS($F$1:F7,$A$1:A7,A8)))) -> 6 | G8: =IF(F8=0,"NO STOCK",IF(J8="ON TIME","CANDIDATE - ON TIME","REVIEW DELIVERY")) -> CANDIDATE - ON TIME | H8: =_xlfn.XLOOKUP(A8,SalesOrders!$A$2:$A$100,SalesOrders!$F$2:$F$100,"Not Found") -> 46310 | I8: =_xlfn.XLOOKUP(A8,SalesOrders!$A$2:$A$100,SalesOrders!$E$2:$E$100)+K8 -> 46306 | J8: =IF(OR(H8="",I8=""),"CHECK DELIVERY TIME",IF(I8<=H8,"ON TIME","LATE")) -> ON TIME | K8: =_xlfn.XLOOKUP(_xlfn.XLOOKUP(C8,tblInventory[Inventory_ID],tblInventory[Location_ID]),Locations!$A$2:$A$6,Locations!$H$2:$H$6,"Not Found") -> 1 | L8: =SUMIFS($F$1:F7,$C$1:C7,C8) -> 0 | M8: =IF(_xlfn.XLOOKUP(C8,tblInventory[Inventory_ID],tblInventory[Item_ID],"NOT FOUND")=B8,"MATCH","MISMATCH") -> MATCH
A9: SOL-1005 | B9: SKU-C | C9: INV-008 | D9: =_xlfn.XLOOKUP(C9,tblInventory[Inventory_ID],tblInventory[Allocatable_Qty],0) -> 12 | E9: =_xlfn.XLOOKUP(A9,SalesOrders!$A$2:$A$100,SalesOrders!$M$2:$M$100,0) -> 20 | F9: =IF(OR(J9<>"ON TIME",M9<>"MATCH"),0,MIN(MAX(0,D9-L9),MAX(0,E9-SUMIFS($F$1:F8,$A$1:A8,A9)))) -> 12 | G9: =IF(F9=0,"NO STOCK",IF(J9="ON TIME","CANDIDATE - ON TIME","REVIEW DELIVERY")) -> CANDIDATE - ON TIME | H9: =_xlfn.XLOOKUP(A9,SalesOrders!$A$2:$A$100,SalesOrders!$F$2:$F$100,"Not Found") -> 46310 | I9: =_xlfn.XLOOKUP(A9,SalesOrders!$A$2:$A$100,SalesOrders!$E$2:$E$100)+K9 -> 46307 | J9: =IF(OR(H9="",I9=""),"CHECK DELIVERY TIME",IF(I9<=H9,"ON TIME","LATE")) -> ON TIME | K9: =_xlfn.XLOOKUP(_xlfn.XLOOKUP(C9,tblInventory[Inventory_ID],tblInventory[Location_ID]),Locations!$A$2:$A$6,Locations!$H$2:$H$6,"Not Found") -> 2 | L9: =SUMIFS($F$1:F8,$C$1:C8,C9) -> 0 | M9: =IF(_xlfn.XLOOKUP(C9,tblInventory[Inventory_ID],tblInventory[Item_ID],"NOT FOUND")=B9,"MATCH","MISMATCH") -> MATCH
A10: SOL-1006 | B10: SKU-A | C10: INV-003 | D10: =_xlfn.XLOOKUP(C10,tblInventory[Inventory_ID],tblInventory[Allocatable_Qty],0) -> 30 | E10: =_xlfn.XLOOKUP(A10,SalesOrders!$A$2:$A$100,SalesOrders!$M$2:$M$100,0) -> 35 | F10: =IF(OR(J10<>"ON TIME",M10<>"MATCH"),0,MIN(MAX(0,D10-L10),MAX(0,E10-SUMIFS($F$1:F9,$A$1:A9,A10)))) -> 5 | G10: =IF(F10=0,"NO STOCK",IF(J10="ON TIME","CANDIDATE - ON TIME","REVIEW DELIVERY")) -> CANDIDATE - ON TIME | H10: =_xlfn.XLOOKUP(A10,SalesOrders!$A$2:$A$100,SalesOrders!$F$2:$F$100,"Not Found") -> 46315 | I10: =_xlfn.XLOOKUP(A10,SalesOrders!$A$2:$A$100,SalesOrders!$E$2:$E$100)+K10 -> 46307 | J10: =IF(OR(H10="",I10=""),"CHECK DELIVERY TIME",IF(I10<=H10,"ON TIME","LATE")) -> ON TIME | K10: =_xlfn.XLOOKUP(_xlfn.XLOOKUP(C10,tblInventory[Inventory_ID],tblInventory[Location_ID]),Locations!$A$2:$A$6,Locations!$H$2:$H$6,"Not Found") -> 2 | L10: =SUMIFS($F$1:F9,$C$1:C9,C10) -> 25 | M10: =IF(_xlfn.XLOOKUP(C10,tblInventory[Inventory_ID],tblInventory[Item_ID],"NOT FOUND")=B10,"MATCH","MISMATCH") -> MATCH

Sheet TestCases
A1: Test_ID | B1: Scenario | C1: Expected_Result | D1: Actual_Result | E1: Pass_Fail | F1: Notes
A2: T-001 | B2: ATP calculation | C2: INV-001 ATP = 40 | D2: =Inventory!H2 -> 30 | E2: =IF(D2=40,"PASS","CHECK") -> CHECK | F2: 55 on hand - 10 committed - 5 protected - 0 active reservations = 40
A3: T-002 | B3: Quote handling | C3: SOL-1003 excluded from confirmed demand | D3: Manual check
A4: T-003 | B4: PO/OTW deduplication | C4: 20 shipped units are OTW; PO open-unshipped excludes those 20 | D4: =PurchaseOrders!H2 -> 30 | E4: =IF(D4=30,"PASS","CHECK") -> PASS | F4: PO ordered 50 - shipped 20 - received 0 = 30 open unshipped
A5: T-004 | B5: No double allocation | C5: Total allocations against a source cannot exceed source available quantity | D5: Manual check
A6: T-005 | B6: Late arrival | C6: Supply arriving after required date is not counted as on-time fulfillment | D6: Manual check

Sheet Allocation Practice
A1: Location_Id | B1: Item_Id | C1: ATP_Qty | D1: Order_Qty | E1: Allocated_Qty | F1: Remaining_Qty | G1: Confirmed_Reservations
A2: ST-EAST | B2: SKU-A | C2: {=_xlfn.XLOOKUP(1,(Inventory!B:B='Allocation Practice'!A2)*(Inventory!C:C='Allocation Practice'!B2),Inventory!H:H,"NotFound")} -> 30 | D2: 50 | E2: =MIN(C2,$D$2) -> 30 | F2: =MAX(0,$D$2-SUM($E$2:E2)) -> 20 | G2: =SUMIFS(Reservations!$G:$G,Reservations!$F:$F,'Allocation Practice'!A2,Reservations!E:E,'Allocation Practice'!B2,Reservations!H:H,"Confirmed") -> 10
A3: ST-NORTH | B3: SKU-A | C3: {=_xlfn.XLOOKUP(1,(Inventory!B:B='Allocation Practice'!A3)*(Inventory!C:C='Allocation Practice'!B3),Inventory!H:H,"NotFound")} -> 30 | E3: =MIN(C3,MAX(0,$D$2-SUM($E$2:E2))) -> 20 | F3: =MAX(0,$D$2-SUM($E$2:E3)) -> 0 | G3: =SUMIFS(Reservations!$G:$G,Reservations!$F:$F,'Allocation Practice'!A3,Reservations!E:E,'Allocation Practice'!B3,Reservations!H:H,"Confirmed") -> 0
A4: DC-CENTRAL | B4: SKU-A | C4: {=_xlfn.XLOOKUP(1,(Inventory!B:B='Allocation Practice'!A4)*(Inventory!C:C='Allocation Practice'!B4),Inventory!H:H,"NotFound")} -> 30 | E4: =MIN(C4,MAX(0,$D$2-SUM($E$2:E3))) -> 0 | F4: =MAX(0,$D$2-SUM($E$2:E4)) -> 0 | G4: =SUMIFS(Reservations!$G:$G,Reservations!$F:$F,'Allocation Practice'!A4,Reservations!E:E,'Allocation Practice'!B4,Reservations!H:H,"Confirmed") -> 0

Sheet Allocation Practice illustratio
A1: Branch | B1: ATP | C1: Delivery Days | D1: Eligible_Qty | E1: Order_Qty | F1: Deadline_days | G1: Allocated_Qty
A2: Abuja | B2: 5 | C2: 0 | D2: =IF(C2<=$F$2,B2,0) -> 5 | E2: 20 | F2: 3 | G2: =MIN(D2,$E$2) -> 5
A3: Kaduna | B3: 10 | C3: 2 | D3: =IF(C3<=$F$2,B3,0) -> 10 | G3: =MIN(D3,$E$2) -> 10
A4: Lagos | B4: 20 | C4: 6 | D4: =IF(C4<=$F$2,B4,0) -> 0 | G4: =MIN(D4,$E$2) -> 0

Sheet Dashboard
A1: MULTI-LOCATION INVENTORY & PURCHASING DASHBOARD
A2: Total Confirmed Demand | B2: Proposed Fulfillment
A3: =SUMIFS(SalesOrders!$I:$I,SalesOrders!$K:$K,"Eligible") -> 150 | B3: =SUMIFS(SalesOrders!$O:$O,SalesOrders!$K:$K,"Eligible") -> 108
A4: Unfulfilled Demand | B4: Provisional Coverage %
A5: =SUMIFS(SalesOrders!$P:$P,SalesOrders!$K:$K,"Eligible") -> 32 | B5: =IFERROR((A3-A5)/A3,0) -> 0.78666667
A6: Product | B6: Outstanding Demand | C6: Proposed Supply | D6: Shortage
A7: SKU-A | B7: =SUMIFS(SalesOrders!$M:$M,SalesOrders!$H:$H,A7,SalesOrders!$K:$K,"Eligible") -> 90 | C7: =SUMIFS(SalesOrders!$O:$O,SalesOrders!$H:$H,A7,SalesOrders!$K:$K,"Eligible") -> 60 | D7: =SUMIFS(SalesOrders!$P:$P,SalesOrders!$H:$H,A7,SalesOrders!$K:$K,"Eligible") -> 30
A8: SKU-B | B8: =SUMIFS(SalesOrders!$M:$M,SalesOrders!$H:$H,A8,SalesOrders!$K:$K,"Eligible") -> 30 | C8: =SUMIFS(SalesOrders!$O:$O,SalesOrders!$H:$H,A8,SalesOrders!$K:$K,"Eligible") -> 30 | D8: =SUMIFS(SalesOrders!$P:$P,SalesOrders!$H:$H,A8,SalesOrders!$K:$K,"Eligible") -> 0
A9: SKU-C | B9: =SUMIFS(SalesOrders!$M:$M,SalesOrders!$H:$H,A9,SalesOrders!$K:$K,"Eligible") -> 20 | C9: =SUMIFS(SalesOrders!$O:$O,SalesOrders!$H:$H,A9,SalesOrders!$K:$K,"Eligible") -> 18 | D9: =SUMIFS(SalesOrders!$P:$P,SalesOrders!$H:$H,A9,SalesOrders!$K:$K,"Eligible") -> 2
A10: Total | B10: =SUM(B7:B9) -> 140 | C10: =SUM(C7:C9) -> 108 | D10: =SUM(D7:D9) -> 32
A12: KEY BUSINESS INSIGHTS
A14: SKU-A accounts for 30 of the 32 unfulfilled units.
A15: SKU-C has an additional shortage of 2 units.
A16: Existing incoming inventory requires a deadline review before it can be used to cover shortages.
A17: INV-001 remains excluded from new allocation proposals pending commitment reconciliation.
A18: Supplier feasibility depends on product availability and actual purchase timing.
